[{
  "activityId": "6780",
  "profile": {
    "http://exemple.com/drawNumber": [
      3,
      6,
      8,
      9,
      11
    ],
    "http://exemple.com/targetNumber": 25
  }
},{
  "activityId": "1853",
  "profile": {
    "http://exemple.com/drawNumber": [
      1,
      3,
      4,
      12,
      19
    ],
    "http://exemple.com/targetNumber": 64
  }
},{
  "activityId": "1790",
  "profile": {
    "http://exemple.com/drawNumber": [
      1,
      3,
      4,
      7,
      11
    ],
    "http://exemple.com/targetNumber": 66
  }
},{
  "activityId": "1728",
  "profile": {
    "http://exemple.com/drawNumber": [
      1,
      3,
      3,
      11,
      20
    ],
    "http://exemple.com/targetNumber": 40
  }
},{
  "activityId": "4801",
  "profile": {
    "http://exemple.com/drawNumber": [
      2,
      4,
      8,
      12,
      19
    ],
    "http://exemple.com/targetNumber": 54
  }
},{
  "activityId": "4012",
  "profile": {
    "http://exemple.com/drawNumber": [
      2,
      3,
      4,
      7,
      18
    ],
    "http://exemple.com/targetNumber": 40
  }
},{
  "activityId": "3605",
  "profile": {
    "http://exemple.com/drawNumber": [
      2,
      2,
      5,
      12,
      16
    ],
    "http://exemple.com/targetNumber": 44
  }
},{
  "activityId": "5837",
  "profile": {
    "http://exemple.com/drawNumber": [
      3,
      3,
      8,
      9,
      9
    ],
    "http://exemple.com/targetNumber": 48
  }
},{
  "activityId": "5129",
  "profile": {
    "http://exemple.com/drawNumber": [
      2,
      6,
      6,
      7,
      10
    ],
    "http://exemple.com/targetNumber": 1
  }
},{
  "activityId": "4711",
  "profile": {
    "http://exemple.com/drawNumber": [
      2,
      4,
      7,
      9,
      14
    ],
    "http://exemple.com/targetNumber": 18
  }
},{
  "activityId": "3899",
  "profile": {
    "http://exemple.com/drawNumber": [
      2,
      3,
      3,
      8,
      9
    ],
    "http://exemple.com/targetNumber": 19
  }
},{
  "activityId": "6894",
  "profile": {
    "http://exemple.com/drawNumber": [
      4,
      4,
      4,
      8,
      20
    ],
    "http://exemple.com/targetNumber": 40
  }
},{
  "activityId": "7720",
  "profile": {
    "http://exemple.com/drawNumber": [
      4,
      6,
      8,
      9,
      10
    ],
    "http://exemple.com/targetNumber": 66
  }
},{
  "activityId": "5271",
  "profile": {
    "http://exemple.com/drawNumber": [
      2,
      6,
      8,
      8,
      15
    ],
    "http://exemple.com/targetNumber": 61
  }
},{
  "activityId": "368",
  "profile": {
    "http://exemple.com/drawNumber": [
      1,
      1,
      3,
      5,
      9
    ],
    "http://exemple.com/targetNumber": 2
  }
},{
  "activityId": "1388",
  "profile": {
    "http://exemple.com/drawNumber": [
      1,
      2,
      5,
      12,
      14
    ],
    "http://exemple.com/targetNumber": 55
  }
},{
  "activityId": "5175",
  "profile": {
    "http://exemple.com/drawNumber": [
      2,
      6,
      6,
      10,
      20
    ],
    "http://exemple.com/targetNumber": 66
  }
},{
  "activityId": "120",
  "profile": {
    "http://exemple.com/drawNumber": [
      1,
      1,
      1,
      8,
      8
    ],
    "http://exemple.com/targetNumber": 71
  }
},{
  "activityId": "404",
  "profile": {
    "http://exemple.com/drawNumber": [
      1,
      1,
      3,
      7,
      16
    ],
    "http://exemple.com/targetNumber": 6
  }
},{
  "activityId": "1906",
  "profile": {
    "http://exemple.com/drawNumber": [
      1,
      3,
      5,
      8,
      14
    ],
    "http://exemple.com/targetNumber": 3
  }
},{
  "activityId": "523",
  "profile": {
    "http://exemple.com/drawNumber": [
      1,
      1,
      4,
      7,
      18
    ],
    "http://exemple.com/targetNumber": 7
  }
},{
  "activityId": "6115",
  "profile": {
    "http://exemple.com/drawNumber": [
      3,
      4,
      6,
      7,
      11
    ],
    "http://exemple.com/targetNumber": 72
  }
},{
  "activityId": "4384",
  "profile": {
    "http://exemple.com/drawNumber": [
      2,
      4,
      4,
      4,
      10
    ],
    "http://exemple.com/targetNumber": 6
  }
},{
  "activityId": "2173",
  "profile": {
    "http://exemple.com/drawNumber": [
      1,
      4,
      4,
      4,
      14
    ],
    "http://exemple.com/targetNumber": 14
  }
},{
  "activityId": "561",
  "profile": {
    "http://exemple.com/drawNumber": [
      1,
      1,
      4,
      10,
      20
    ],
    "http://exemple.com/targetNumber": 4
  }
},{
  "activityId": "7362",
  "profile": {
    "http://exemple.com/drawNumber": [
      4,
      5,
      6,
      7,
      9
    ],
    "http://exemple.com/targetNumber": 5
  }
},{
  "activityId": "468",
  "profile": {
    "http://exemple.com/drawNumber": [
      1,
      1,
      4,
      4,
      8
    ],
    "http://exemple.com/targetNumber": 16
  }
},{
  "activityId": "1857",
  "profile": {
    "http://exemple.com/drawNumber": [
      1,
      3,
      5,
      5,
      7
    ],
    "http://exemple.com/targetNumber": 4
  }
},{
  "activityId": "2000",
  "profile": {
    "http://exemple.com/drawNumber": [
      1,
      3,
      6,
      9,
      12
    ],
    "http://exemple.com/targetNumber": 3
  }
},{
  "activityId": "2752",
  "profile": {
    "http://exemple.com/drawNumber": [
      1,
      5,
      6,
      10,
      20
    ],
    "http://exemple.com/targetNumber": 9
  }
},{
  "activityId": "1254",
  "profile": {
    "http://exemple.com/drawNumber": [
      1,
      2,
      4,
      9,
      10
    ],
    "http://exemple.com/targetNumber": 7
  }
},{
  "activityId": "1742",
  "profile": {
    "http://exemple.com/drawNumber": [
      1,
      3,
      4,
      4,
      8
    ],
    "http://exemple.com/targetNumber": 1
  }
},{
  "activityId": "1335",
  "profile": {
    "http://exemple.com/drawNumber": [
      1,
      2,
      5,
      7,
      16
    ],
    "http://exemple.com/targetNumber": 2
  }
},{
  "activityId": "5728",
  "profile": {
    "http://exemple.com/drawNumber": [
      3,
      3,
      6,
      10,
      13
    ],
    "http://exemple.com/targetNumber": 3
  }
},{
  "activityId": "1369",
  "profile": {
    "http://exemple.com/drawNumber": [
      1,
      2,
      5,
      10,
      14
    ],
    "http://exemple.com/targetNumber": 10
  }
},{
  "activityId": "466",
  "profile": {
    "http://exemple.com/drawNumber": [
      1,
      1,
      4,
      4,
      6
    ],
    "http://exemple.com/targetNumber": 5
  }
},{
  "activityId": "3174",
  "profile": {
    "http://exemple.com/drawNumber": [
      2,
      2,
      2,
      6,
      6
    ],
    "http://exemple.com/targetNumber": 8
  }
},{
  "activityId": "2182",
  "profile": {
    "http://exemple.com/drawNumber": [
      1,
      4,
      4,
      5,
      7
    ],
    "http://exemple.com/targetNumber": 7
  }
},{
  "activityId": "1360",
  "profile": {
    "http://exemple.com/drawNumber": [
      1,
      2,
      5,
      9,
      16
    ],
    "http://exemple.com/targetNumber": 3
  }
},{
  "activityId": "1240",
  "profile": {
    "http://exemple.com/drawNumber": [
      1,
      2,
      4,
      8,
      8
    ],
    "http://exemple.com/targetNumber": 6
  }
},{
  "activityId": "1804",
  "profile": {
    "http://exemple.com/drawNumber": [
      1,
      3,
      4,
      8,
      12
    ],
    "http://exemple.com/targetNumber": 3
  }
},{
  "activityId": "2812",
  "profile": {
    "http://exemple.com/drawNumber": [
      1,
      5,
      7,
      10,
      11
    ],
    "http://exemple.com/targetNumber": 2
  }
},{
  "activityId": "1495",
  "profile": {
    "http://exemple.com/drawNumber": [
      1,
      2,
      7,
      8,
      10
    ],
    "http://exemple.com/targetNumber": 5
  }
},{
  "activityId": "62",
  "profile": {
    "http://exemple.com/drawNumber": [
      1,
      1,
      1,
      4,
      8
    ],
    "http://exemple.com/targetNumber": 5
  }
},{
  "activityId": "43",
  "profile": {
    "http://exemple.com/drawNumber": [
      1,
      1,
      1,
      3,
      6
    ],
    "http://exemple.com/targetNumber": 18
  }
},{
  "activityId": "2710",
  "profile": {
    "http://exemple.com/drawNumber": [
      1,
      5,
      6,
      7,
      14
    ],
    "http://exemple.com/targetNumber": 20
  }
},{
  "activityId": "117",
  "profile": {
    "http://exemple.com/drawNumber": [
      1,
      1,
      1,
      7,
      18
    ],
    "http://exemple.com/targetNumber": 24
  }
},{
  "activityId": "3169",
  "profile": {
    "http://exemple.com/drawNumber": [
      2,
      2,
      2,
      5,
      16
    ],
    "http://exemple.com/targetNumber": 15
  }
},{
  "activityId": "1561",
  "profile": {
    "http://exemple.com/drawNumber": [
      1,
      2,
      8,
      9,
      9
    ],
    "http://exemple.com/targetNumber": 19
  }
},{
  "activityId": "6407",
  "profile": {
    "http://exemple.com/drawNumber": [
      3,
      5,
      6,
      6,
      9
    ],
    "http://exemple.com/targetNumber": 23
  }
},{
  "activityId": "638",
  "profile": {
    "http://exemple.com/drawNumber": [
      1,
      1,
      5,
      8,
      20
    ],
    "http://exemple.com/targetNumber": 17
  }
},{
  "activityId": "923",
  "profile": {
    "http://exemple.com/drawNumber": [
      1,
      2,
      2,
      3,
      18
    ],
    "http://exemple.com/targetNumber": 10
  }
},{
  "activityId": "7585",
  "profile": {
    "http://exemple.com/drawNumber": [
      4,
      6,
      6,
      8,
      11
    ],
    "http://exemple.com/targetNumber": 23
  }
},{
  "activityId": "219",
  "profile": {
    "http://exemple.com/drawNumber": [
      1,
      1,
      2,
      4,
      11
    ],
    "http://exemple.com/targetNumber": 9
  }
},{
  "activityId": "5364",
  "profile": {
    "http://exemple.com/drawNumber": [
      3,
      3,
      3,
      5,
      15
    ],
    "http://exemple.com/targetNumber": 40
  }
},{
  "activityId": "7754",
  "profile": {
    "http://exemple.com/drawNumber": [
      4,
      6,
      8,
      12,
      14
    ],
    "http://exemple.com/targetNumber": 68
  }
},{
  "activityId": "1830",
  "profile": {
    "http://exemple.com/drawNumber": [
      1,
      3,
      4,
      10,
      15
    ],
    "http://exemple.com/targetNumber": 50
  }
},{
  "activityId": "5699",
  "profile": {
    "http://exemple.com/drawNumber": [
      3,
      3,
      6,
      7,
      20
    ],
    "http://exemple.com/targetNumber": 30
  }
},{
  "activityId": "6485",
  "profile": {
    "http://exemple.com/drawNumber": [
      3,
      5,
      6,
      12,
      18
    ],
    "http://exemple.com/targetNumber": 45
  }
},{
  "activityId": "1503",
  "profile": {
    "http://exemple.com/drawNumber": [
      1,
      2,
      7,
      8,
      18
    ],
    "http://exemple.com/targetNumber": 33
  }
},{
  "activityId": "4372",
  "profile": {
    "http://exemple.com/drawNumber": [
      2,
      3,
      8,
      12,
      15
    ],
    "http://exemple.com/targetNumber": 51
  }
},{
  "activityId": "1841",
  "profile": {
    "http://exemple.com/drawNumber": [
      1,
      3,
      4,
      11,
      16
    ],
    "http://exemple.com/targetNumber": 31
  }
},{
  "activityId": "3786",
  "profile": {
    "http://exemple.com/drawNumber": [
      2,
      2,
      8,
      9,
      19
    ],
    "http://exemple.com/targetNumber": 40
  }
},{
  "activityId": "1762",
  "profile": {
    "http://exemple.com/drawNumber": [
      1,
      3,
      4,
      5,
      12
    ],
    "http://exemple.com/targetNumber": 33
  }
},{
  "activityId": "4503",
  "profile": {
    "http://exemple.com/drawNumber": [
      2,
      4,
      5,
      5,
      13
    ],
    "http://exemple.com/targetNumber": 44
  }
},{
  "activityId": "7613",
  "profile": {
    "http://exemple.com/drawNumber": [
      4,
      6,
      6,
      10,
      16
    ],
    "http://exemple.com/targetNumber": 34
  }
},{
  "activityId": "2429",
  "profile": {
    "http://exemple.com/drawNumber": [
      1,
      4,
      6,
      9,
      16
    ],
    "http://exemple.com/targetNumber": 31
  }
},{
  "activityId": "2882",
  "profile": {
    "http://exemple.com/drawNumber": [
      1,
      5,
      8,
      11,
      16
    ],
    "http://exemple.com/targetNumber": 35
  }
},{
  "activityId": "6026",
  "profile": {
    "http://exemple.com/drawNumber": [
      3,
      4,
      5,
      6,
      20
    ],
    "http://exemple.com/targetNumber": 33
  }
}]